<?xml version="1.0"?>
<dataroot>
	<BloodTests>
		<PatientID>1</PatientID>
		<Bilirubin>1</Bilirubin>
		<AlkPhosphate>85</AlkPhosphate>
		<SGot>18</SGot>
		<Albumin>4</Albumin>
	</BloodTests>
	<BloodTests>
		<PatientID>2</PatientID>
		<Bilirubin>0.9</Bilirubin>
		<AlkPhosphate>135</AlkPhosphate>
		<SGot>42</SGot>
		<Albumin>3.5</Albumin>
	</BloodTests>
	<BloodTests>
		<PatientID>3</PatientID>
		<Bilirubin>0.7</Bilirubin>
		<AlkPhosphate>96</AlkPhosphate>
		<SGot>32</SGot>
		<Albumin>4</Albumin>
	</BloodTests>
	<BloodTests>
		<PatientID>4</PatientID>
		<Bilirubin>0.7</Bilirubin>
		<AlkPhosphate>46</AlkPhosphate>
		<SGot>52</SGot>
		<Albumin>4</Albumin>
	</BloodTests>
	<BloodTests>
		<PatientID>5</PatientID>
		<Bilirubin>1</Bilirubin>
		<AlkPhosphate>-99</AlkPhosphate>
		<SGot>200</SGot>
		<Albumin>4</Albumin>
	</BloodTests>
	<BloodTests>
		<PatientID>6</PatientID>
		<Bilirubin>0.9</Bilirubin>
		<AlkPhosphate>95</AlkPhosphate>
		<SGot>28</SGot>
		<Albumin>4</Albumin>
	</BloodTests>
	<BloodTests>
		<PatientID>7</PatientID>
		<Bilirubin>-99</Bilirubin>
		<AlkPhosphate>-99</AlkPhosphate>
		<SGot>-99</SGot>
		<Albumin>-99</Albumin>
	</BloodTests>
	<BloodTests>
		<PatientID>8</PatientID>
		<Bilirubin>1</Bilirubin>
		<AlkPhosphate>-99</AlkPhosphate>
		<SGot>-99</SGot>
		<Albumin>-99</Albumin>
	</BloodTests>
	<BloodTests>
		<PatientID>9</PatientID>
		<Bilirubin>0.7</Bilirubin>
		<AlkPhosphate>-99</AlkPhosphate>
		<SGot>48</SGot>
		<Albumin>4.4</Albumin>
	</BloodTests>
	<BloodTests>
		<PatientID>10</PatientID>
		<Bilirubin>1</Bilirubin>
		<AlkPhosphate>-99</AlkPhosphate>
		<SGot>120</SGot>
		<Albumin>3.9</Albumin>
	</BloodTests>
	<BloodTests>
		<PatientID>11</PatientID>
		<Bilirubin>1.3</Bilirubin>
		<AlkPhosphate>78</AlkPhosphate>
		<SGot>30</SGot>
		<Albumin>4.4</Albumin>
	</BloodTests>
	<BloodTests>
		<PatientID>12</PatientID>
		<Bilirubin>1</Bilirubin>
		<AlkPhosphate>59</AlkPhosphate>
		<SGot>249</SGot>
		<Albumin>3.7</Albumin>
	</BloodTests>
	<BloodTests>
		<PatientID>13</PatientID>
		<Bilirubin>0.9</Bilirubin>
		<AlkPhosphate>81</AlkPhosphate>
		<SGot>60</SGot>
		<Albumin>3.9</Albumin>
	</BloodTests>
	<BloodTests>
		<PatientID>14</PatientID>
		<Bilirubin>2.2</Bilirubin>
		<AlkPhosphate>57</AlkPhosphate>
		<SGot>144</SGot>
		<Albumin>4.9</Albumin>
	</BloodTests>
	<BloodTests>
		<PatientID>15</PatientID>
		<Bilirubin>-99</Bilirubin>
		<AlkPhosphate>-99</AlkPhosphate>
		<SGot>60</SGot>
		<Albumin>-99</Albumin>
	</BloodTests>
	<BloodTests>
		<PatientID>16</PatientID>
		<Bilirubin>2</Bilirubin>
		<AlkPhosphate>72</AlkPhosphate>
		<SGot>89</SGot>
		<Albumin>2.9</Albumin>
	</BloodTests>
	<BloodTests>
		<PatientID>17</PatientID>
		<Bilirubin>1.2</Bilirubin>
		<AlkPhosphate>102</AlkPhosphate>
		<SGot>53</SGot>
		<Albumin>4.3</Albumin>
	</BloodTests>
	<BloodTests>
		<PatientID>18</PatientID>
		<Bilirubin>0.6</Bilirubin>
		<AlkPhosphate>62</AlkPhosphate>
		<SGot>166</SGot>
		<Albumin>4</Albumin>
	</BloodTests>
	<BloodTests>
		<PatientID>19</PatientID>
		<Bilirubin>0.7</Bilirubin>
		<AlkPhosphate>53</AlkPhosphate>
		<SGot>42</SGot>
		<Albumin>4.1</Albumin>
	</BloodTests>
	<BloodTests>
		<PatientID>20</PatientID>
		<Bilirubin>0.7</Bilirubin>
		<AlkPhosphate>70</AlkPhosphate>
		<SGot>28</SGot>
		<Albumin>4.2</Albumin>
	</BloodTests>
	<BloodTests>
		<PatientID>21</PatientID>
		<Bilirubin>0.9</Bilirubin>
		<AlkPhosphate>48</AlkPhosphate>
		<SGot>20</SGot>
		<Albumin>4.2</Albumin>
	</BloodTests>
	<BloodTests>
		<PatientID>22</PatientID>
		<Bilirubin>1.2</Bilirubin>
		<AlkPhosphate>133</AlkPhosphate>
		<SGot>98</SGot>
		<Albumin>4.1</Albumin>
	</BloodTests>
	<BloodTests>
		<PatientID>23</PatientID>
		<Bilirubin>1</Bilirubin>
		<AlkPhosphate>85</AlkPhosphate>
		<SGot>20</SGot>
		<Albumin>4</Albumin>
	</BloodTests>
	<BloodTests>
		<PatientID>24</PatientID>
		<Bilirubin>0.9</Bilirubin>
		<AlkPhosphate>60</AlkPhosphate>
		<SGot>63</SGot>
		<Albumin>4.7</Albumin>
	</BloodTests>
	<BloodTests>
		<PatientID>25</PatientID>
		<Bilirubin>0.4</Bilirubin>
		<AlkPhosphate>45</AlkPhosphate>
		<SGot>18</SGot>
		<Albumin>4.3</Albumin>
	</BloodTests>
	<BloodTests>
		<PatientID>26</PatientID>
		<Bilirubin>0.8</Bilirubin>
		<AlkPhosphate>95</AlkPhosphate>
		<SGot>46</SGot>
		<Albumin>3.8</Albumin>
	</BloodTests>
	<BloodTests>
		<PatientID>27</PatientID>
		<Bilirubin>0.6</Bilirubin>
		<AlkPhosphate>85</AlkPhosphate>
		<SGot>48</SGot>
		<Albumin>3.7</Albumin>
	</BloodTests>
	<BloodTests>
		<PatientID>28</PatientID>
		<Bilirubin>1.4</Bilirubin>
		<AlkPhosphate>175</AlkPhosphate>
		<SGot>55</SGot>
		<Albumin>2.7</Albumin>
	</BloodTests>
	<BloodTests>
		<PatientID>29</PatientID>
		<Bilirubin>1.3</Bilirubin>
		<AlkPhosphate>78</AlkPhosphate>
		<SGot>25</SGot>
		<Albumin>3.8</Albumin>
	</BloodTests>
	<BloodTests>
		<PatientID>30</PatientID>
		<Bilirubin>1</Bilirubin>
		<AlkPhosphate>78</AlkPhosphate>
		<SGot>58</SGot>
		<Albumin>4.6</Albumin>
	</BloodTests>
	<BloodTests>
		<PatientID>31</PatientID>
		<Bilirubin>2.3</Bilirubin>
		<AlkPhosphate>280</AlkPhosphate>
		<SGot>98</SGot>
		<Albumin>3.8</Albumin>
	</BloodTests>
	<BloodTests>
		<PatientID>32</PatientID>
		<Bilirubin>1</Bilirubin>
		<AlkPhosphate>-99</AlkPhosphate>
		<SGot>60</SGot>
		<Albumin>-99</Albumin>
	</BloodTests>
	<BloodTests>
		<PatientID>33</PatientID>
		<Bilirubin>0.7</Bilirubin>
		<AlkPhosphate>81</AlkPhosphate>
		<SGot>53</SGot>
		<Albumin>5</Albumin>
	</BloodTests>
	<BloodTests>
		<PatientID>34</PatientID>
		<Bilirubin>0.5</Bilirubin>
		<AlkPhosphate>135</AlkPhosphate>
		<SGot>29</SGot>
		<Albumin>3.8</Albumin>
	</BloodTests>
	<BloodTests>
		<PatientID>35</PatientID>
		<Bilirubin>0.9</Bilirubin>
		<AlkPhosphate>58</AlkPhosphate>
		<SGot>92</SGot>
		<Albumin>4.3</Albumin>
	</BloodTests>
	<BloodTests>
		<PatientID>36</PatientID>
		<Bilirubin>0.6</Bilirubin>
		<AlkPhosphate>67</AlkPhosphate>
		<SGot>28</SGot>
		<Albumin>4.2</Albumin>
	</BloodTests>
	<BloodTests>
		<PatientID>37</PatientID>
		<Bilirubin>1.3</Bilirubin>
		<AlkPhosphate>194</AlkPhosphate>
		<SGot>150</SGot>
		<Albumin>4.1</Albumin>
	</BloodTests>
	<BloodTests>
		<PatientID>38</PatientID>
		<Bilirubin>2.3</Bilirubin>
		<AlkPhosphate>150</AlkPhosphate>
		<SGot>68</SGot>
		<Albumin>3.9</Albumin>
	</BloodTests>
	<BloodTests>
		<PatientID>39</PatientID>
		<Bilirubin>1</Bilirubin>
		<AlkPhosphate>85</AlkPhosphate>
		<SGot>14</SGot>
		<Albumin>4</Albumin>
	</BloodTests>
	<BloodTests>
		<PatientID>40</PatientID>
		<Bilirubin>0.3</Bilirubin>
		<AlkPhosphate>180</AlkPhosphate>
		<SGot>53</SGot>
		<Albumin>2.9</Albumin>
	</BloodTests>
	<BloodTests>
		<PatientID>41</PatientID>
		<Bilirubin>0.7</Bilirubin>
		<AlkPhosphate>75</AlkPhosphate>
		<SGot>55</SGot>
		<Albumin>4</Albumin>
	</BloodTests>
	<BloodTests>
		<PatientID>42</PatientID>
		<Bilirubin>4.6</Bilirubin>
		<AlkPhosphate>56</AlkPhosphate>
		<SGot>16</SGot>
		<Albumin>4.6</Albumin>
	</BloodTests>
	<BloodTests>
		<PatientID>43</PatientID>
		<Bilirubin>1</Bilirubin>
		<AlkPhosphate>46</AlkPhosphate>
		<SGot>90</SGot>
		<Albumin>4.4</Albumin>
	</BloodTests>
	<BloodTests>
		<PatientID>44</PatientID>
		<Bilirubin>0.7</Bilirubin>
		<AlkPhosphate>71</AlkPhosphate>
		<SGot>18</SGot>
		<Albumin>4.4</Albumin>
	</BloodTests>
	<BloodTests>
		<PatientID>45</PatientID>
		<Bilirubin>-99</Bilirubin>
		<AlkPhosphate>-99</AlkPhosphate>
		<SGot>86</SGot>
		<Albumin>-99</Albumin>
	</BloodTests>
	<BloodTests>
		<PatientID>46</PatientID>
		<Bilirubin>0.7</Bilirubin>
		<AlkPhosphate>74</AlkPhosphate>
		<SGot>110</SGot>
		<Albumin>4.4</Albumin>
	</BloodTests>
	<BloodTests>
		<PatientID>47</PatientID>
		<Bilirubin>0.6</Bilirubin>
		<AlkPhosphate>80</AlkPhosphate>
		<SGot>80</SGot>
		<Albumin>3.8</Albumin>
	</BloodTests>
	<BloodTests>
		<PatientID>48</PatientID>
		<Bilirubin>1.8</Bilirubin>
		<AlkPhosphate>191</AlkPhosphate>
		<SGot>420</SGot>
		<Albumin>3.3</Albumin>
	</BloodTests>
	<BloodTests>
		<PatientID>49</PatientID>
		<Bilirubin>0.8</Bilirubin>
		<AlkPhosphate>85</AlkPhosphate>
		<SGot>44</SGot>
		<Albumin>4.2</Albumin>
	</BloodTests>
	<BloodTests>
		<PatientID>50</PatientID>
		<Bilirubin>0.7</Bilirubin>
		<AlkPhosphate>125</AlkPhosphate>
		<SGot>65</SGot>
		<Albumin>4.2</Albumin>
	</BloodTests>
	<BloodTests>
		<PatientID>51</PatientID>
		<Bilirubin>0.9</Bilirubin>
		<AlkPhosphate>85</AlkPhosphate>
		<SGot>60</SGot>
		<Albumin>4</Albumin>
	</BloodTests>
	<BloodTests>
		<PatientID>52</PatientID>
		<Bilirubin>1</Bilirubin>
		<AlkPhosphate>85</AlkPhosphate>
		<SGot>20</SGot>
		<Albumin>4</Albumin>
	</BloodTests>
	<BloodTests>
		<PatientID>53</PatientID>
		<Bilirubin>0.6</Bilirubin>
		<AlkPhosphate>110</AlkPhosphate>
		<SGot>145</SGot>
		<Albumin>4.4</Albumin>
	</BloodTests>
	<BloodTests>
		<PatientID>54</PatientID>
		<Bilirubin>1.2</Bilirubin>
		<AlkPhosphate>85</AlkPhosphate>
		<SGot>31</SGot>
		<Albumin>4</Albumin>
	</BloodTests>
	<BloodTests>
		<PatientID>55</PatientID>
		<Bilirubin>0.7</Bilirubin>
		<AlkPhosphate>50</AlkPhosphate>
		<SGot>78</SGot>
		<Albumin>4.2</Albumin>
	</BloodTests>
	<BloodTests>
		<PatientID>56</PatientID>
		<Bilirubin>0.8</Bilirubin>
		<AlkPhosphate>92</AlkPhosphate>
		<SGot>59</SGot>
		<Albumin>-99</Albumin>
	</BloodTests>
	<BloodTests>
		<PatientID>57</PatientID>
		<Bilirubin>-99</Bilirubin>
		<AlkPhosphate>-99</AlkPhosphate>
		<SGot>-99</SGot>
		<Albumin>-99</Albumin>
	</BloodTests>
	<BloodTests>
		<PatientID>58</PatientID>
		<Bilirubin>0.7</Bilirubin>
		<AlkPhosphate>52</AlkPhosphate>
		<SGot>38</SGot>
		<Albumin>3.9</Albumin>
	</BloodTests>
	<BloodTests>
		<PatientID>59</PatientID>
		<Bilirubin>1</Bilirubin>
		<AlkPhosphate>80</AlkPhosphate>
		<SGot>38</SGot>
		<Albumin>4.3</Albumin>
	</BloodTests>
	<BloodTests>
		<PatientID>60</PatientID>
		<Bilirubin>1</Bilirubin>
		<AlkPhosphate>85</AlkPhosphate>
		<SGot>75</SGot>
		<Albumin>-99</Albumin>
	</BloodTests>
	<BloodTests>
		<PatientID>61</PatientID>
		<Bilirubin>0.7</Bilirubin>
		<AlkPhosphate>26</AlkPhosphate>
		<SGot>58</SGot>
		<Albumin>4.5</Albumin>
	</BloodTests>
	<BloodTests>
		<PatientID>62</PatientID>
		<Bilirubin>0.7</Bilirubin>
		<AlkPhosphate>102</AlkPhosphate>
		<SGot>64</SGot>
		<Albumin>4</Albumin>
	</BloodTests>
	<BloodTests>
		<PatientID>63</PatientID>
		<Bilirubin>3.5</Bilirubin>
		<AlkPhosphate>215</AlkPhosphate>
		<SGot>54</SGot>
		<Albumin>3.4</Albumin>
	</BloodTests>
	<BloodTests>
		<PatientID>64</PatientID>
		<Bilirubin>0.7</Bilirubin>
		<AlkPhosphate>164</AlkPhosphate>
		<SGot>44</SGot>
		<Albumin>3.1</Albumin>
	</BloodTests>
	<BloodTests>
		<PatientID>65</PatientID>
		<Bilirubin>0.8</Bilirubin>
		<AlkPhosphate>103</AlkPhosphate>
		<SGot>43</SGot>
		<Albumin>3.5</Albumin>
	</BloodTests>
	<BloodTests>
		<PatientID>66</PatientID>
		<Bilirubin>0.8</Bilirubin>
		<AlkPhosphate>-99</AlkPhosphate>
		<SGot>38</SGot>
		<Albumin>4.2</Albumin>
	</BloodTests>
	<BloodTests>
		<PatientID>67</PatientID>
		<Bilirubin>0.7</Bilirubin>
		<AlkPhosphate>62</AlkPhosphate>
		<SGot>33</SGot>
		<Albumin>3</Albumin>
	</BloodTests>
	<BloodTests>
		<PatientID>68</PatientID>
		<Bilirubin>4.1</Bilirubin>
		<AlkPhosphate>-99</AlkPhosphate>
		<SGot>48</SGot>
		<Albumin>2.6</Albumin>
	</BloodTests>
	<BloodTests>
		<PatientID>69</PatientID>
		<Bilirubin>1</Bilirubin>
		<AlkPhosphate>34</AlkPhosphate>
		<SGot>15</SGot>
		<Albumin>4</Albumin>
	</BloodTests>
	<BloodTests>
		<PatientID>70</PatientID>
		<Bilirubin>1.6</Bilirubin>
		<AlkPhosphate>68</AlkPhosphate>
		<SGot>68</SGot>
		<Albumin>3.7</Albumin>
	</BloodTests>
	<BloodTests>
		<PatientID>71</PatientID>
		<Bilirubin>0.8</Bilirubin>
		<AlkPhosphate>82</AlkPhosphate>
		<SGot>39</SGot>
		<Albumin>4.3</Albumin>
	</BloodTests>
	<BloodTests>
		<PatientID>72</PatientID>
		<Bilirubin>2.8</Bilirubin>
		<AlkPhosphate>127</AlkPhosphate>
		<SGot>182</SGot>
		<Albumin>-99</Albumin>
	</BloodTests>
	<BloodTests>
		<PatientID>73</PatientID>
		<Bilirubin>0.9</Bilirubin>
		<AlkPhosphate>76</AlkPhosphate>
		<SGot>271</SGot>
		<Albumin>4.4</Albumin>
	</BloodTests>
	<BloodTests>
		<PatientID>74</PatientID>
		<Bilirubin>1</Bilirubin>
		<AlkPhosphate>-99</AlkPhosphate>
		<SGot>45</SGot>
		<Albumin>4</Albumin>
	</BloodTests>
	<BloodTests>
		<PatientID>75</PatientID>
		<Bilirubin>1.5</Bilirubin>
		<AlkPhosphate>100</AlkPhosphate>
		<SGot>100</SGot>
		<Albumin>5.3</Albumin>
	</BloodTests>
</dataroot>
	